authorname,count
José Manuel Aburto,51
Melinda Mills,51
Jennifer B. Dowd,43
Ridhi Kashyap,28
Andrea M. Tilstra,20
Valentina Rotondi,18
Charles Rahal,14
John Ermisch,13
Per Engzell,13
Mark D. Verhagen,13
Douglas R. Leasure,12
Evelina T. Akimova,12
Francesco Rampazzo,11
David M. Brazel,11
Emilio Zagheni,10
Xuejie Ding,10
Alyson van Raalte,10
Antonino Polizzi,9
Per Block,9
Ilya Kashnitsky,9
Jiaxin Shi,9
Richard Breen,9
Ingmar Weber,9
Felix C. Tropf,9
Vladimir Canudas‐Romo,8
Jonas Schöley,7
David S. Kirk,7
Iñaki Permanyer,7
Leo Azzollini,7
Arun Frey,7
Harold Snieder,7
Emanuele Del Fava,6
André Grow,6
Andrew J. Tatem,6
Daniela Perrotta,6
Christiaan Monden,6
Pekka Martikainen,6
Ryohei Mogi,6
Ugofilippo Basellini,6
George Davey Smith,5
George B. Ploubidis,5
Jorge Cimentada,5
Liliana Andriano,5
Saul Newman,5
Casey Breen,5
Archie Campbell,5
Laura Gimeno,4
Serena Vigezzi,4
Dorret I. Boomsma,4
Martin Kolk,4
Allison E. Aiello,4
Édith Darin,4
Francesco C. Billari,4
Sander Wagner,4
Tobias Rüttenauer,4
Amanda M. Simanek,4
Luyin Zhang,4
Lawrence F. Bielak,4
Nicole Kapelle,4
Penelope A. Lind,4
Xinyi Zhao,4
Eco J. C. de Geus,4
James W. Vaupel,4
Sarah E. Medland,4
Francisco Villavicencio,4
Caroline Hayward,4
Bo Zhao,4
Renske Verweij,4
Jennifer A. Smith,4
Joshua Wilde,4
W. David Hill,4
Patricia A. Peyser,4
Tim Riffe,4
Diego Alburez‐Gutierrez,4
Enrique Acosta,4
Patrik K. E. Magnusson,4
Rebecca C. Stebbins,4
Virginia Zarulli,4
Grace A. Noppert,4
Nicola Barban,4
Gert Stulp,4
Sofía Gil‐Clavel,4
Nicholas G. Martin,4
Bastian Andreas Betthäuser,4
Yongkang Kim,3
Kuang Lin,3
Liming Li,3
Antti Latvala,3
Hyeokmoon Kweon,3
Alexandra Havdahl,3
Malia Jones,3
Shona M. Kerr,3
Lindsey Leininger,3
K. Paige Harden,3
Luca Maria Pesando,3
Alison M. Buttenheim,3
Sandra S. Albrecht,3
Tuomo Kiiskinen,3
Matthew C. Keller,3
Debbie A. Lawlor,3
Nancy L. Pedersen,3
Luke M. Evans,3
Aparna Kumar,3
David J. Porteous,3
Jared V. Balbona,3
Karri Silventoinen,3
John R. B. Perry,3
Melissa C. Southey,3
Travis T. Mallard,3
Elliot M. Tucker‐Drob,3
Margaret J. Wright,3
Deepika Dokuru,3
Benjamin W. Domingue,3
Agnese Vitali,3
Christina C. Dahm,3
Jaakko Kaprio,3
Jasmin Abdel Ghany,3
James F. Wilson,3
Zhengming Chen,3
Paraskevi Christofidou,3
Kaare Christensen,3
Lasse Tarkiainen,3
Sara Hägg,3
Michael C. Stallings,3
Tim D. Spector,3
John L. Hopper,3
Jean‐Baptiste Pingault,3
Robert Plomin,3
Meike Bartels,3
Chandra A. Reynolds,3
Anne E. Justice,3
Iona Y. Millwood,3
Marianne Nygaard,3
Klint Kanopka,3
Kristian Hveem,3
Øyvind Næss,3
Cristen J. Willer,3
Bjørn Olav Åsvold,3
Scott M. Ratliff,3
Philipp Koellinger,3
John K. Hewitt,3
Julia M. Rohrer,3
Marília R. Nepomuceno,3
Shuai Li,3
Maxi S. Kniffka,3
Rosa Cheesman,3
Massimo Mangino,3
Daniel J. Benjamin,3
Lucija Klarić,3
Ken K. Ong,3
David M. Evans,3
Masoomali Fatehkia,3
Ben Brumpton,3
Gibran Hemani,3
Neil M Davies,3
Benjamin Elbers,3
Oriol J. Bosch,3
Marcel den Hoed,3
Christoph Stadtfeld,3
Sudheer Giddaluru,3
Laurence J Howe,3
Ryan K. Masters,3
Marion Hoffman,3
Kate Coleman‐Minahan,3
Ginevra Floridi,3
Yunzhang Wang,3
Audrey Renson,3
Andrea Ganna,3
Iliya Gutin,3
Pamela Herd,3
Teemu Palviainen,3
Scott D. Gordon,3
Thor Berger,3
Marius D. Pascariu,3
Colin Angus,3
Robin Walters,3
Matthijs D. van der Zee,3
Vincent J. Straub,3
Michel G. Nivard,3
Romola Davenport,3
Nhat An Trinh,3
Tim Morris,3
Julia A. Behrman,3
Robert T. Furbank,3
Per Magnus,3
René D. Flores,3
Patrick Turley,3
Kayla Schulte,3
Ailin Falkmo Hansen,3
Humaira Rasheed,3
Yoonsu Cho,3
Geetha Chittoor,3
Iain Mathieson,3
Felix R. Day,3
Ahmad Vaez,3
Sharon L. R. Kardia,3
Natalie R. van Zuydam,3
Hannaliis Jaadla,3
Cornelius A. Rietveld,2
Rachael Piltch‐Loeb,2
Andrea Gelemanović,2
Tove Fall,2
Stefano Lombardi,2
Lewis Robert Anderson,2
Pekka Vartiainen,2
Maria Gargiulo,2
Sakari Jukarainen,2
Aoxing Liu,2
Jonathan Bright,2
Annette Baudisch,2
Mika Gissler,2
Tobias Wolfram,2
Pablo Geraldo,2
Cosmo Strozza,2
Jiani Yan,2
Aki S. Havulinna,2
Christopher R. Bauer,2
Aashish Gupta,2
Tom A. B. Snijders,2
Gianluca Boo,2
Claire Dooley,2
Zachary Van Winkle,2
Risto Conte Keivabu,2
Ekaterina Degtiareva,2
Christian Dudel,2
Brian Nolan,2
Attila N. Lázár,2
Beatriz Sofía Gil-Clavel,2
Ursula Gazeley,2
Julio Romero Prieto,2
Diana O. Perkins,2
Georges Reniers,2
Lauren Gaydosh,2
Martina K. Narayanan,2
Riley Taiji,2
Heather Chamberlain,2
Darío Moreno‐Agostino,2
Carina Mood,2
Véronique Filippi,2
Charis Bridger Staatz,2
Nikkil Sudharsanan,2
Jesús-Daniel Zazueta-Borboa,2
Kanika Sharma,2
Alice Goisis,2
Peter J. van der Most,2
Vanessa Moulton,2
Paola Vázquez-Castillo,2
Aliakbar Akbaritabar,2
Dennis M. Feehan,2
Sophie Lohmann,2
Ilana Ventura,2
Bettina Moltrecht,2
Martí Rovira,2
Nicole Angotti,2
Lawrence King,2
Anette Eva Fasang,2
Jeroen Spijker,2
Ester Lazzari,2
Jessica Nisén,2
Charles C. Lanfear,2
Brian Houle,2
Chodziwadziwa Kabudula,2
Sanyu A. Mojola,2
Emanuela Struffolino,2
Ramina Sotoudeh,2
Alain Gagnon,2
Elias Nosrati,2
Setsuya Fukuda,2
Xingqiang Lü,2
Cássio M. Turra,2
Heidi E. Jones,2
Levi Waldron,2
Andrea Nigri,2
Marie-Pier Bergeron-Boucher,2
Bárbara Domingues Bitarello,2
Robert A. Hummer,2
Lora J. Kasselman,2
Rafael Ahlskog,2
Michael Marmot,2
David Salisbury,2
Jessica D. Faul,2
Emily A. Willoughby,2
Alexandros Giannelis,2
Jane Menken,2
Cohen R. Simpson,2
Ole A. Andreassen,2
Helga Ask,2
Elizabeth C. Corfield,2
Pietro Battiston,2
Pål R. Njølstad,2
Camilla Stoltenberg,2
James J. Lee,2
Sven Oskarsson,2
Amanda Hughes,2
Jeffrey G. Reid,2
John D. Overton,2
Chiara Falco,2
Katrin Schwanitz,2
Aris Baras,2
Douch Kong,2
Valeria Spelta,2
Shoshana V. Aronowitz,2
Enid Schatz,2
Samuel J. Clark,2
F. Xavier Gómez‐Olivé,2
Xavier Varea,1
Alyce Raybould,1
M. Mercè Claramunt Bielsa,1
Pietro Rampazzo,1
ross barker,1
Claire J. Steves,1
Raya Muttarak,1
Hampton Gray Gaddy,1
Henrik-Alexander Schubert,1
Anna Dimitrova,1
Adrian Hopper,1
Nathan J. Cheetham,1
Jugdeep Dhesi,1
Yoav Roll,1
Wei Chen,1
Anders Boyd,1
Jane Greve,1
Harry L.A. Janssen,1
Natalie Nitsche,1
Julia Callaway,1
Marco Cozzani,1
L. Cheng,1
Yao Lu,1
Marleen van Dijk,1
Cas J. Isfordink,1
Matvei Andersen,1
Rosan A van Zoest,1
Robert J. de Knegt,1
Joost P.H. Drenth,1
Marc van der Valk,1
Mobarak Hossain,1
Marianne K. Thomsen,1
Katarzyna Doniec,1
Muntasir Marey,1
Wen Su,1
Ryohei Masum,1
Mélanie Kühn,1
Chia Lépori,1
Andrea J. Liu,1
Mădălina Lozer,1
Lilian Manea,1
Nan Dirk de Graaf,1
Céline Mogi,1
Yan Zheng,1
J Diaconu,1
Viorela Delgado,1
Gonzalo De Armas,1
Gonzalo Cimentada,1
Pippa Oakeshott,1
Aneez Esmail,1
Alison Faulkner,1
M. I. Kolobova,1
Dagnon Hecker,1
Irwin González-Díaz,1
Armando M Garcia-Guerrero,1
Mariana García Crisóstomo,1
Mariana Gagnon,1
Payal Hathi,1
Antonia Dudel,1
Christian Donzowa,1
Marina Eric Koba,1
Paul Sharp,1
Stefan Ecks,1
Flora Cornish,1
David Atance,1
Oleguer Plana‐Ripoll,1
Nanna Weye,1
Jacob Martin,1
Wole A. Adewole,1
Jakub Bijak,1
Delia Boccia,1
Helen Margetts,1
Kasimir Dederichs,1
S E Hayward,1
Helen A. Fletcher,1
Laura B Nellums,1
Fatima Wurie,1
Timon Elmer,1
Zhen He,1
Jouni Kuha,1
Patrick Sturgis,1
Nicolo P. Pinchak,1
Veline L' Esperance,1
Nicole Nisbett,1
Viktoria Spaiser,1
Deborah Morgan,1
Matthew Reynolds,1
Daniel Valdenegro,1
Yan Liu,1
Nick Manning,1
Richard P. Bentall,1
Kamaldeep Bhui,1
Rochelle Burgess,1
Sarah Carr,1
Isabel J. Raabe,1
REF LCDS Project Team,1
Francisco Pinto,1
Søren Kjærgaard,1
Ivaylo Petev,1
Micol Matilde Morellini,1
Brandon Victor,1
Aiden Nibali,1
Tristan E. Coram,1
David Judge,1
Helen Kosc,1
Joseph Millard,1
Joshua R. Goldstein,1
Anmol Somanchi,1
Sangita Vyas,1
Bettina Hünteler,1
Claudia Finger,1
Heike Solga,1
Maria Osborne,1
Radhika Kapoor,1
Poonam Gupta,1
Steffi Pohl,1
R. Philip Chalmers,1
Mijke Rhemtulla,1
Lijin Zhang,1
Esther Ulitzsch,1
Zhiyong Zhang,1
Vipul Kumar Paikra,1
Murad Banaji,1
Athina Anastasiadou,1
Hyunju Park,1
Artëm Volgin,1
Till Koebe,1
Theophilus Aidoo,1
Ahmadou Dicko,1
Hisham Galal,1
Rebeca Moreno Jiménez,1
Sarchil Qader,1
Philip Clarke,1
Kasisomayajula Viswanath,1
Warren C. Jochem,1
Patrick Präg,1
John Mohan,1
Josh Knight,1
Sara Koskelainen,1
Charles Shey Wiysonge,1
Virginia Williams,1
Will Jennings,1
Christopher Dye,1
Albert Esteve,1
Joan García Román,1
Yen‐hsin Alice Cheng,1
Wanli Nie,1
Hyun-ok Lee,1
Chloe Mirzayi,1
Dana A. Glei,1
Sally Sheard,1
Richard W. Wrangham,1
Richard R. Lawler,1
Zarin Machanda,1
Marie L. Manguette,1
Martin N. Muller,1
Craig Packer,1
Reham Al Tamime,1
Genevra Richardson,1
Gerry Stoker,1
Fatima Zohra,1
Shammi Luhar,1
Gilles Pison,1
Jeroen Smits,1
Kelly Eckenrode,1
Shaimaa Elsafoury,1
Jonas Sivelä,1
Alex Ruck Keene,1
Martyn Pickersgill,1
James B. Kirkbride,1
Martín Knapp,1
Anne M. Lovell,1
Paul Martin,1
Joanna Moncrieff,1
Hester Parr,1
Richard J. Parnell,1
Susan Perry,1
Anne E. Pusey,1
Dalia A. Conde,1
Fernando Colchero,1
Elizabeth A. Archie,1
Christophe Boesch,1
Thomas Breuer,1
Fernando A. Campos,1
Anthony Collins,1
Marina Cords,1
Martha M. Robbins,1
Catherine Crockford,1
Melissa Emery Thompson,1
Linda M. Fedigan,1
Claudia Fichtel,1
Milou Groenenberg,1
Simone Spinelli,1
Caspar Kaiser,1
Connor Gilroy,1
Florianne C. J. Verkroost,1
Magali Barbiéri,1
Catherine Hobaiter,1
Andres Barajas-Paz,1
Peter M. Kappeler,1
Rebecca J. Lewis,1
Roman M. Wittig,1
Jenny Tung,1
Shirley C. Strum,1
Karen B. Strier,1
Emma J. Stokes,1
Tara S. Stoinski,1
Johanna Staerk,1
Joan B. Silk,1
Robert M. Seyfarth,1
Bernardo Lanza Queiroz,1
Júlia Almeida Calazans,1
Silvia Rizzi,1
Garry Robins,1
Fumiya Trias-Llimos,1
Alyson Uchikoshi,1
Paola van Raalte,1
Muhammad A Vilela,1
Iván Ali Waqar,1
Zarulli,1
Ashley Z. Ritter,1
Erez Sasson,1
Lauren Hale,1
Lydia Feinstein,1
Emma Zang,1
Belinda L. Needham,1
Helen C.S. Meier,1
Frederikke Frehr Kristensen,1
Sergi Torres,1
Cosmo Silva-Ramirez,1
Jiaxin Shomron,1
Mikko Musizvingoza,1
Ronald Morwinsky,1
Saskia Monicolle,1
Jorge Choi,1
E Fernández Bretón,1
Didier Bignami,1
Simona Basellini,1
Ugofilippo Alustiza,1
Anna Altová,1
Lawrence McKay,1
Daniel Devine,1
Jennifer Gaskell,1
Viktor Orri Valgarðsson,1
Hannah Willis,1
Rafael Shi,1
Marília Myrskylä,1
Jesús-Adrián Álvarez,1
Francine Z. Marques,1
Mohammad S Razai,1
Susan C. Alberts,1
Klaus Zuberbühler,1
Ludwig Geistlinger,1
Janneke van de Wijgert,1
Amy Loughman,1
Nicola Segata,1
Isaac R Sarhan,1
Curtis Huttenhower,1
Tune H. Pers,1
Manuela Stranges,1
Ádám Lénárt,1
Anders Stockmarr,1
Søren Kjæ rgaard,1
Adil Rowe,1
Francisco Rizzi,1
Silvia Carreira Ribeiro,1
Filipe Rehermann,1
Federico Qanni,1
Larbi Pollero,1
Raquel Piriz,1
Manuel D Pascariu,1
Marius Paredes,1
Mariana Ouedraogo,1
S. Ouédraogo,1
Oluwafunke Olamijuwon,1
Emmanuel Oladele,1
Samuel Oksuzyan,1
Anna Nitsche,1
Natalie Nickel,1
Michelle R Nepomuceno,1
Nikolas Rose,1
Michael J. Thomas,1
Xavier Monnet,1
Claudia Langenberg,1
David R. Weir,1
Gonneke Willemsen,1
Jing Hau Zhao,1
Wei Zhao,1
Yajie Zhao,1
Anubha Mahajan,1
Jian’an Luan,1
Mélanie Waldenberger,1
Philipp M. Lersch,1
C. L. Paul Thomas,1
P. S. Monks,1
Christopher Brightling,1
Neil Greening,1
Salman Siddiqui,1
Nicholas J. Wareham,1
André G. Uitterlinden,1
Beverley Hargadon,1
Sharon LR Kardia,1
Unnur Þorsteinsdóttir,1
Vallari Shukla,1
Stasa Stankovic,1
Kári Stéfansson,1
Doris Stöckl,1
Konstantin Strauch,1
Morris A. Swertz,1
Yung‐Po Liaw,1
Alexander Teumer,1
Guðmar Þorleifsson,1
Reedik Mägi,1
Roy Thurik,1
Lina María Sanchez-Céspedes,1
Nicholas J. Timpson,1
Rachel Munton,1
John Le Quesne,1
Daria Tisch,1
Rebecca Cordell,1
Susanna Levantesi,1
Jacqui Shaw,1
Dalton Conley,1
Manuel Schechtl,1
Matthew Wallace,1
Gerald Liew,1
Michael Wilde,1
Alison H. Goodall,1
Wadah Ibrahim,1
Robert C. Free,1
Hervé Bassinga,1
Mathias Kuépié,1
Jacqueline A. Seiglie,1
Amisha Singapuri,1
William Hemstrom,1
Daniel C. Dauwalter,1
Mary M. Peacock,1
Michael R. Barer,1
Seth J. Wenger,1
Michael R. Miller,1
Helen M. Neville,1
Gonzalo E. Mena,1
Nilesh J. Samani,1
Martha R. J. Clokie,1
Luigino Bruni,1
Luca Crivelli,1
James C. Reynolds,1
Stefano Mancuso,1
Paolo Santori,1
Theresa Nutz,1
Hitesh Pandya,1
Natalia Tejedor‐Garavito,1
Glenn Harry Amaya Cruz,1
Gustavo Adolfo García Vélez,1
Simona Gamba,1
Mark I. McCarthy,1
Michele La Rocca,1
Sergi Vidal,1
Qi Cui,1
Erzsébet Bukodi,1
Matteo Rizzolli,1
Thomas Meitinger,1
Colin N. A. Palmer,1
Evelin Mihailov,1
Stéphanie Debette,1
Lili Milani,1
Shohei Yoda,1
Stacey A. Missmer,1
Paul Mitchell,1
Benjamin Lauderdale,1
Alexander Dicks,1
Mark Levels,1
R.K.W. van der Velden,1
Hamdi Mbarek,1
Andres Metspalu,1
Matthias Nauck,1
Ben Stenhaug,1
Ajka Relja,1
Annette Peters,1
Brenda W.J.H. Penninx,1
Ozren Polašek,1
Paul Redmond,1
Chris Power,1
Raymond Noordam,1
Ilja M. Nolte,1
Janet W. Rich‐Edwards,1
Stine Møllegaard,1
Ajay Tripathi,1
Augustine Kong,1
Rebecca Bucci,1
Daniela V. Negraia,1
Harry Campbell,1
Chia-Jung Tsai,1
Maksym Bondarenko,1
Robert Trigwell,1
Daniel Simon,1
Robert J. Sampson,1
Susan M. Ring,1
Ross Macmillan,1
Kate A. Duchowny,1
Philippa Clarke,1
Fanny Janssen,1
Richard James,1
Stefania Benónísdóttir,1
Jisu Kim,1
R. Gordon Rinderknecht,1
Sharath Chandra Guntuku,1
Aleksandra Golos,1
Mariana Ospina Bohórquez,1
Thomas Esch,1
Yenny Andrea Marín Salazar,1
Andryu Enrique Mendoza,1
Rico Rueedi,1
Roberto Jorge da Silva Franco,1
Dahlia Salman,1
Paul W. Franks,1
Björn Eriksson,1
Jakob Molinder,1
Anna Morgan,1
Jeremy Freese,1
Alexandros Rigos,1
Luis Miguel Gutiérrez‐Robledo,1
Erol Gaillard,1
Ibrahima Diop,1
Andreas Filser,1
Nigel Phair,1
Federico Varese,1
Michele Allegra,1
Maria Sironi,1
Carlo Reverberi,1
Ghazal Kalhor,1
Delan Devakumar,1
Miranda Bruce,1
Pascal Achard,1
Corinna Frodermann,1
Dana Müller,1
Alice Spiers,1
Linda Li,1
Yifan Lu,1
Jonathan Lusthaus,1
Hannah Gardner,1
Toru Suzuki,1
Tõnu Esko,1
Daniel I. Chasman,1
Jorge E. Chavarro,1
Massimiliano Cocca,1
Maria Pina Concas,1
Gail Davies,1
Ian J. Deary,1
Oscar H. Franco,1
Trifon I. Missov,1
Christian Gieger,1
Giorgia Girotto,1
Bamini Gopinath,1
S. Fleur W. Meddens,1
Ilana M. Ventura,1
Alain Fröhlich,1
Melinda C. Mills,1
Simon Cooper,1
Prashant Poddar,1
Jenny Trinitapoli,1
Tim Sainburg,1
Song Jiang,1
Giordano Epifani,1
Brenda McCollum,1
Reja Wyss,1
Jan Ö. Jönsson,1
Bamba Gaye,1
Somdeep Chatterjee,1
Stéphanie Khoury,1
Crystal W. Cené,1
Samuel Kingué,1
Roland N’Guetta,1
Camille Lassale,1
Dadhi M. Balde,1
Bernard Koch,1
Sakari Karvonen,1
Hanna Nohynek,1
Suvi Parikka,1
Paloma Rojas-Saunero,1
Ida Henriette Caspersen,1
Ahmed Nabil Shaaban,1
Maria Rosaria Galanti,1
Laura Kestilä,1
Zhi Zhou,1
Sebastián Peña,1
Olga Maslovskaya,1
Caroline Roberts,1
Marc Asensio,1
Mélanie Revilla,1
Yizhou Sun,1
Jacob G. Foster,1
David Cesarini,1
Hans J. Grabe,1
Julie E. Buring,1
Stephanie von Hinke,1
Won Do Lee,1
Tim Schwanen,1
Jordan Brensinger,1
Nathan T. Dollar,1
Hans van Kippersluis,1
Georg Homuth,1
Jouke‐Jan Hottenga,1
Anne W. Rimoin,1
Hongyang Huang,1
Elina Hyppönen,1
Rita Dias Pereira,1
Dilnoza Muslimova,1
Kerim Can Kavaklı,1
Sara Kuitunen,1
Anna Vera Jørring Pallesen,1
Laust Hvas Mortensen,1
Astri Syse,1
Sven Drefahl,1
Tim Coats,1
Samin Aref,1
Guy Stecklov,1
Neftali Eduardo Antonio‐Villa,1
Omar Yaxmehen Bello‐Chavolla,1
Carlos A. Fermín‐Martínez,1
Luisa Fernández‐Chirino,1
Daniel Ramírez‐García,1
Julio Pisanty-Alatorre,1
Armando González-Díaz,1
Arsenio Vargas‐Vázquez,1
Sı́món Barquera,1
Leong L. Ng,1
M. Arfan Ikram,1
Arly Batumbo,1
K. Bosak,1
Orsola Torrisi,1
Erica P. Gunderson,1
Marco Brumat,1
Richard G. Rogers,1
Marco Bonetti,1
Anders Malthe Bach‐Mortensen,1
Vanessa di Lego,1
Charlotte Buckley,1
Kamy Musene,1
A.M. Tilstra,1
Rebecca Johnson,1
Eugene J. Gardner,1
Daniela Urbina,1
Ajuna Azad,1
Sven Bergmann,1
Chunyan He,1
Eva R. Hoffmann,1
Matthew Richardson,1
Karin Leander,1
Peter Kraft,1
Annette Kifley,1
Maryam Kavousi,1
Benedetta Pongiglione,1
James Hollway,1
Johan Koskinen,1
Zoha Kamali,1
Magnus Johannesson,1
Rick Jansen,1
Kevin Tschirhart,1
Cyrus Sinai,1
Nicole A. Hoff,1
Trevon Fuller,1
Anna Zajacova,1
